Income-Expense, Note: SocialSecurity and Expenses are automatically updated for inflation by the software.,,,,,,,,
TargetAllocation=,0.55,Put the fraction to be allocated to stock funds here. The remainder will be in bond funds,,,,,,,
InitialSavings=,225000,Total taxable savings - includes stocks & bonds in non-IRA accounts,,,,,,,
InitialIRA=,325000,,,,,,,,
InitialRoth=,0,,,,,,,,
AGI2YearsAgo=,130000,Combined income on tax return from 2 years ago for Medicare IRMAA calculation,,,,,,,
AGILastYear=,120000,Combined income on tax return from last year,,,,,,,
TotalTaxForLastYear=,15000,Use total tax even though some was withheld or prepaid during last year,,,,,,,
InitialStockBasis=,150000,Basis (purchase cost) of stock in Savings account,,,,,,,
NumberMedicarePremiums=,2,Use 2 for yourself + spouse; use 1 if it's just you,,,,,,,
Year,Age,SocialSecurity,TaxableIncome,TaxFreeIncome,Expenses,PropertyTax,Mortgage Int,Other Deductions,Credits
2017,68,55000,0,0,70000,2300,0,4000,0
2018,69,55000,0,0,70000,2300,0,4000,0
2019,70,55000,0,0,70000,2300,0,4000,0
2020,71,55000,0,0,70000,2300,0,4000,0
2021,72,55000,0,0,70000,2300,0,4000,0
2022,73,55000,0,0,70000,2300,0,4000,0
2023,74,55000,0,0,70000,2300,0,4000,0
2024,75,55000,0,0,70000,2300,0,4000,0
2025,76,55000,0,0,70000,2300,0,4000,0
2026,77,55000,0,0,70000,2300,0,4000,0
2027,78,55000,0,0,70000,2300,0,4000,0
2028,79,55000,0,0,70000,2300,0,4000,0
2029,80,55000,0,0,70000,2300,0,4000,0
2030,81,55000,0,0,70000,2300,0,4000,0
2031,82,55000,0,0,70000,2300,0,4000,0
2032,83,55000,0,0,70000,2300,0,4000,0
2033,84,55000,0,0,70000,2300,0,4000,0
2034,85,55000,0,0,70000,2300,0,4000,0
2035,86,55000,0,0,70000,2300,0,4000,0
2036,87,55000,0,0,70000,2300,0,4000,0
2037,88,55000,0,0,70000,2300,0,4000,0
2038,89,55000,0,0,70000,2300,0,4000,0
2039,90,55000,0,0,70000,2300,0,4000,0
2040,91,55000,0,0,70000,2300,0,4000,0
2041,92,55000,0,0,70000,2300,0,4000,0
2042,93,55000,0,0,70000,2300,0,4000,0
2043,94,55000,0,0,70000,2300,0,4000,0
2044,95,55000,0,0,70000,2300,0,4000,0
2045,96,55000,0,0,70000,2300,0,4000,0
2046,97,55000,0,0,70000,2300,0,4000,0
2047,98,55000,0,0,70000,2300,0,4000,0
